Car,Destination,DestinationCode,DestinationName,Group,Line,LocationCode,LocationName,Min,CallTime,Peak,LeftYet,IsNext,BRD_Time,TimeToBRD,Diff
8,Shady Grv,,Shady Grv,2,RD,A07,Tenleytown-AU,BRD,2025-05-01 22:28:59.425236,False,False,False,,,
8,Glenmont,B11,Glenmont,1,RD,A08,Friendship Heights,BRD,2025-05-01 22:28:59.425236,False,False,False,,,
6,Glenmont,B11,Glenmont,1,RD,A12,North Bethesda,BRD,2025-05-01 22:28:59.425236,False,False,False,,,
6,Shady Grove,,Shady Grove,2,RD,A14,Rockville,BRD,2025-05-01 22:28:59.425236,False,False,False,,,
8,Shady Grv,,Shady Grv,2,RD,B03,Union Station,BRD,2025-05-01 22:28:59.425236,False,False,False,,,
6,Glenmont,B11,Glenmont,1,RD,B06,Fort Totten,BRD,2025-05-01 22:28:59.425236,False,False,False,,,
8,Shady Grv,,Shady Grv,2,RD,B06,Fort Totten,BRD,2025-05-01 22:28:59.425236,False,False,False,,,
8,Largo,G05,Downtown Largo,1,BL,C01,Metro Center,BRD,2025-05-01 22:28:59.425236,False,False,False,,,
8,NewCrlton,,NewCrlton,1,OR,C03,Farragut West,BRD,2025-05-01 22:28:59.425236,False,False,False,,,
8,Largo,G05,Downtown Largo,1,BL,C10,Ronald Reagan Washington National Airport,BRD,2025-05-01 22:28:59.425236,False,False,False,,,
6,Mt Vern Sq,,Mt Vern Sq,1,YL,C12,Braddock Road,BRD,2025-05-01 22:28:59.425236,False,False,False,,,
6,Huntington,,Huntington,2,YL,C14,Eisenhower Avenue,BRD,2025-05-01 22:28:59.425236,False,False,False,,,
6,Ashburn,N12,Ashburn,2,SV,D05,Capitol South,BRD,2025-05-01 22:28:59.425236,False,False,False,,,
8,Vienna,K08,Vienna/Fairfax-GMU,2,OR,D06,Eastern Market,BRD,2025-05-01 22:28:59.425236,False,False,False,,,
6,Franconia,J03,Franconia-Springfield,2,BL,D07,Potomac Ave,BRD,2025-05-01 22:28:59.425236,False,False,False,,,
6,Branch Av,,Branch Av,2,GR,E04,Columbia Heights,BRD,2025-05-01 22:28:59.425236,False,False,False,,,
6,Branch Ave,,Branch Ave,2,GR,E07,West Hyattsville,BRD,2025-05-01 22:28:59.425236,False,False,False,,,
8,Branch Ave,,Branch Ave,2,GR,E09,College Park-U of Md,BRD,2025-05-01 22:28:59.425236,False,False,False,,,
6,Huntington,,Huntington,2,YL,F01,Gallery Pl-Chinatown,BRD,2025-05-01 22:28:59.425236,False,False,False,,,
6,Mt Vern Sq,,Mt Vern Sq,1,YL,F03,L'Enfant Plaza,BRD,2025-05-01 22:28:59.425236,False,False,False,,,
8,Branch Av,,Branch Av,2,GR,F07,Congress Heights,BRD,2025-05-01 22:28:59.425236,False,False,False,,,
6,Ashburn,N12,Ashburn,2,SV,G01,Benning Road,BRD,2025-05-01 22:28:59.425236,False,False,False,,,
6,NewCrlton,,NewCrlton,1,OR,K02,Clarendon,BRD,2025-05-01 22:28:59.425236,False,False,False,,,
8,Vienna,K08,Vienna/Fairfax-GMU,2,OR,K06,West Falls Church,BRD,2025-05-01 22:28:59.425236,False,False,False,,,
8,Vienna,K08,Vienna/Fairfax-GMU,2,OR,K07,Dunn Loring-Merrifield,BRD,2025-05-01 22:28:59.425236,False,False,False,,,
8,Largo,G05,Downtown Largo,1,SV,N02,Tysons,BRD,2025-05-01 22:28:59.425236,False,False,False,,,
8,Shady Grv,,Shady Grv,2,RD,A03,Dupont Circle,ARR,2025-05-01 22:28:59.425236,False,False,False,,,
6,Largo,G05,Downtown Largo,1,BL,C03,Farragut West,ARR,2025-05-01 22:28:59.425236,False,False,False,,,
8,Largo,G05,Downtown Largo,1,SV,C04,Foggy Bottom-GWU,ARR,2025-05-01 22:28:59.425236,False,False,False,,,
8,Franconia,J03,Franconia-Springfield,2,BL,C12,Braddock Road,ARR,2025-05-01 22:28:59.425236,False,False,False,,,
,ssenger,,No Passenger,2,No,D01,Federal Triangle,ARR,2025-05-01 22:28:59.425236,False,False,False,,,
6,Franconia,J03,Franconia-Springfield,2,BL,D03,L'Enfant Plaza,ARR,2025-05-01 22:28:59.425236,False,False,False,,,
6,Vienna,K08,Vienna/Fairfax-GMU,2,OR,D09,Minnesota Ave,ARR,2025-05-01 22:28:59.425236,False,False,False,,,
6,Greenbelt,,Greenbelt,1,GR,E04,Columbia Heights,ARR,2025-05-01 22:28:59.425236,False,False,False,,,
6,Greenbelt,,Greenbelt,1,GR,E07,West Hyattsville,ARR,2025-05-01 22:28:59.425236,False,False,False,,,
6,Greenbelt,,Greenbelt,1,GR,F01,Gallery Pl-Chinatown,ARR,2025-05-01 22:28:59.425236,False,False,False,,,
6,Branch Av,,Branch Av,2,GR,F04,Waterfront,ARR,2025-05-01 22:28:59.425236,False,False,False,,,
6,Greenbelt,,Greenbelt,1,GR,F05,Navy Yard-Ballpark,ARR,2025-05-01 22:28:59.425236,False,False,False,,,
6,Greenbelt,,Greenbelt,1,GR,F08,Southern Avenue,ARR,2025-05-01 22:28:59.425236,False,False,False,,,
6,Largo,G05,Downtown Largo,1,SV,G03,Addison Road-Seat Pleasant,ARR,2025-05-01 22:28:59.425236,False,False,False,,,
6,Ashburn,N12,Ashburn,2,SV,K04,Ballston-MU,ARR,2025-05-01 22:28:59.425236,False,False,False,,,
6,Ashburn,N12,Ashburn,2,SV,N07,Reston Town Center,ARR,2025-05-01 22:28:59.425236,False,False,False,,,
8,Glenmont,B11,Glenmont,1,RD,A03,Dupont Circle,1,2025-05-01 22:28:59.425236,False,False,True,,,
8,Shady Grv,,Shady Grv,2,RD,A08,Friendship Heights,1,2025-05-01 22:28:59.425236,False,False,True,,,
8,Shady Grv,,Shady Grv,2,RD,A12,North Bethesda,1,2025-05-01 22:28:59.425236,False,False,True,,,
8,Shady Grv,,Shady Grv,2,RD,B02,Judiciary Square,1,2025-05-01 22:28:59.425236,False,False,True,,,
8,Glenmont,B11,Glenmont,1,RD,B09,Forest Glen,1,2025-05-01 22:28:59.425236,False,False,True,,,
6,Glenmont,B11,Glenmont,1,RD,B35,NoMa-Gallaudet U,1,2025-05-01 22:28:59.425236,False,False,True,,,
6,Largo,G05,Downtown Largo,1,SV,C01,Metro Center,1,2025-05-01 22:28:59.425236,False,False,True,,,
6,Hntingtn,C15,Huntington,2,YL,C07,Pentagon,1,2025-05-01 22:28:59.425236,False,False,True,,,
8,Largo,G05,Downtown Largo,1,BL,C09,Crystal City,1,2025-05-01 22:28:59.425236,False,False,True,,,
6,MtVern Sq,,MtVern Sq,1,YL,C10,Ronald Reagan Washington National Airport,1,2025-05-01 22:28:59.425236,False,False,True,,,
6,Huntington,,Huntington,2,YL,C11,Potomac Yard,1,2025-05-01 22:28:59.425236,False,False,True,,,
6,Branch Av,,Branch Av,2,GR,E01,Mt Vernon Sq 7th St-Convention Center,1,2025-05-01 22:28:59.425236,False,False,True,,,
6,Branch Av,,Branch Av,2,GR,E03,U Street/African-Amer Civil War Memorial/Cardozo,1,2025-05-01 22:28:59.425236,False,False,True,,,
6,MtVern Sq,,MtVern Sq,1,YL,F02,Archives-Navy Memorial-Penn Quarter,1,2025-05-01 22:28:59.425236,False,False,True,,,
6,Hntingtn,C15,Huntington,2,YL,F02,Archives-Navy Memorial-Penn Quarter,1,2025-05-01 22:28:59.425236,False,False,True,,,
6,Branch Av,,Branch Av,2,GR,F10,Suitland,1,2025-05-01 22:28:59.425236,False,False,True,,,
8,Largo,G05,Downtown Largo,1,BL,G02,Capitol Heights,1,2025-05-01 22:28:59.425236,False,False,True,,,
6,Franconia,J03,Franconia-Springfield,2,BL,G02,Capitol Heights,1,2025-05-01 22:28:59.425236,False,False,True,,,
6,Franconia,J03,Franconia-Springfield,2,BL,J02,Van Dorn Street,1,2025-05-01 22:28:59.425236,False,False,True,,,
8,Largo,G05,Downtown Largo,1,SV,N07,Reston Town Center,1,2025-05-01 22:28:59.425236,False,False,True,,,
8,Largo,G05,Downtown Largo,1,SV,N11,Loudon Gateway,1,2025-05-01 22:28:59.425236,False,False,True,,,
8,Glenmont,B11,Glenmont,1,RD,A07,Tenleytown-AU,2,2025-05-01 22:28:59.425236,False,False,True,,,
6,Glenmont,B11,Glenmont,1,RD,A11,Grosvenor-Strathmore,2,2025-05-01 22:28:59.425236,False,False,True,,,
8,Shady Grv,,Shady Grv,2,RD,B05,Brookland-CUA,2,2025-05-01 22:28:59.425236,False,False,True,,,
8,Shady Grv,,Shady Grv,2,RD,B09,Forest Glen,2,2025-05-01 22:28:59.425236,False,False,True,,,
6,Largo,G05,Downtown Largo,1,BL,C02,McPherson Square,2,2025-05-01 22:28:59.425236,False,False,True,,,
8,Largo,G05,Downtown Largo,1,SV,C03,Farragut West,2,2025-05-01 22:28:59.425236,False,False,True,,,
6,MtVern Sq,,MtVern Sq,1,YL,C09,Crystal City,2,2025-05-01 22:28:59.425236,False,False,True,,,
6,Mt Vern Sq,,Mt Vern Sq,1,YL,C11,Potomac Yard,2,2025-05-01 22:28:59.425236,False,False,True,,,
8,Franconia,J03,Franconia-Springfield,2,BL,C13,King St-Old Town,2,2025-05-01 22:28:59.425236,False,False,True,,,
6,Mt Vern Sq,,Mt Vern Sq,1,YL,C14,Eisenhower Avenue,2,2025-05-01 22:28:59.425236,False,False,True,,,
6,Largo,G05,Downtown Largo,1,SV,D01,Federal Triangle,2,2025-05-01 22:28:59.425236,False,False,True,,,
6,Franconia,J03,Franconia-Springfield,2,BL,D02,Smithsonian,2,2025-05-01 22:28:59.425236,False,False,True,,,
6,Greenbelt,,Greenbelt,1,GR,E01,Mt Vernon Sq 7th St-Convention Center,2,2025-05-01 22:28:59.425236,False,False,True,,,
6,Branch Av,,Branch Av,2,GR,E06,Fort Totten,2,2025-05-01 22:28:59.425236,False,False,True,,,
6,Greenbelt,,Greenbelt,1,GR,F04,Waterfront,2,2025-05-01 22:28:59.425236,False,False,True,,,
6,Branch Av,,Branch Av,2,GR,F05,Navy Yard-Ballpark,2,2025-05-01 22:28:59.425236,False,False,True,,,
8,Branch Av,,Branch Av,2,GR,F08,Southern Avenue,2,2025-05-01 22:28:59.425236,False,False,True,,,
,ASHBURN,N12,Ashburn,1,SV,G05,Downtown Largo,2,2025-05-01 22:28:59.425236,False,False,True,,,
6,NewCrlton,,NewCrlton,1,OR,K01,Court House,2,2025-05-01 22:28:59.425236,False,False,True,,,
8,N Carrollton,,N Carrollton,1,OR,K06,West Falls Church,2,2025-05-01 22:28:59.425236,False,False,True,,,
8,Largo,G05,Downtown Largo,1,SV,N01,McLean,2,2025-05-01 22:28:59.425236,False,False,True,,,
8,Glenmont,B11,Glenmont,1,RD,A02,Farragut North,3,2025-05-01 22:28:59.425236,False,False,True,,,
8,Shady Grv,,Shady Grv,2,RD,A04,Woodley Park-Zoo/Adams Morgan,3,2025-05-01 22:28:59.425236,False,False,True,,,
8,Shady Grv,,Shady Grv,2,RD,A13,Twinbrook,3,2025-05-01 22:28:59.425236,False,False,True,,,
8,Glenmont,B11,Glenmont,1,RD,A14,Rockville,3,2025-05-01 22:28:59.425236,False,False,True,,,
8,Shady Grove,,Shady Grove,2,RD,B01,Gallery Pl-Chinatown,3,2025-05-01 22:28:59.425236,False,False,True,,,
6,Glenmont,B11,Glenmont,1,RD,B07,Takoma,3,2025-05-01 22:28:59.425236,False,False,True,,,
,SHADY GROVE,A15,Shady Grove,1,RD,B11,Glenmont,3,2025-05-01 22:28:59.425236,False,False,True,,,
,SHADY GROVE,A15,Shady Grove,2,RD,B11,Glenmont,3,2025-05-01 22:28:59.425236,False,False,True,,,
8,Largo,G05,Downtown Largo,1,SV,C02,McPherson Square,3,2025-05-01 22:28:59.425236,False,False,True,,,
8,Largo,G05,Downtown Largo,1,BL,C08,Pentagon City,3,2025-05-01 22:28:59.425236,False,False,True,,,
6,Hntingtn,C15,Huntington,2,YL,C08,Pentagon City,3,2025-05-01 22:28:59.425236,False,False,True,,,
6,Branch Av,,Branch Av,2,GR,E02,Shaw-Howard U,3,2025-05-01 22:28:59.425236,False,False,True,,,
6,Greenbelt,,Greenbelt,1,GR,E05,Georgia Ave-Petworth,3,2025-05-01 22:28:59.425236,False,False,True,,,
6,Greenbelt,,Greenbelt,1,GR,E08,Hyattsville Crossing,3,2025-05-01 22:28:59.425236,False,False,True,,,
6,Mt Vern Sq,,Mt Vern Sq,1,YL,F01,Gallery Pl-Chinatown,3,2025-05-01 22:28:59.425236,False,False,True,,,
6,Branch Ave,,Branch Ave,2,GR,F01,Gallery Pl-Chinatown,3,2025-05-01 22:28:59.425236,False,False,True,,,
6,Huntington,,Huntington,2,YL,F03,L'Enfant Plaza,3,2025-05-01 22:28:59.425236,False,False,True,,,
6,Greenbelt,,Greenbelt,1,GR,F07,Congress Heights,3,2025-05-01 22:28:59.425236,False,False,True,,,
8,Largo,G05,Downtown Largo,1,BL,G03,Addison Road-Seat Pleasant,3,2025-05-01 22:28:59.425236,False,False,True,,,
6,Largo,G05,Downtown Largo,1,SV,G04,Morgan Boulevard,3,2025-05-01 22:28:59.425236,False,False,True,,,
8,Vienna,K08,Vienna/Fairfax-GMU,2,OR,K07,Dunn Loring-Merrifield,3,2025-05-01 22:28:59.425236,False,False,True,,,
8,Largo,G05,Downtown Largo,1,SV,N06,Wiehle-Reston East,3,2025-05-01 22:28:59.425236,False,False,True,,,
6,Ashburn,N12,Ashburn,2,SV,N08,Herndon,3,2025-05-01 22:28:59.425236,False,False,True,,,
8,Shady Grove,,Shady Grove,2,RD,A01,Metro Center,4,2025-05-01 22:28:59.425236,False,False,True,,,
8,Glenmont,B11,Glenmont,1,RD,A06,Van Ness-UDC,4,2025-05-01 22:28:59.425236,False,False,True,,,
6,Glenmont,B11,Glenmont,1,RD,B04,Rhode Island Ave-Brentwood,4,2025-05-01 22:28:59.425236,False,False,True,,,
8,Glenmont,B11,Glenmont,1,RD,B10,Wheaton,4,2025-05-01 22:28:59.425236,False,False,True,,,
6,NewCrlton,,NewCrlton,1,OR,C05,Rosslyn,4,2025-05-01 22:28:59.425236,False,False,True,,,
6,MtVern Sq,,MtVern Sq,1,YL,C08,Pentagon City,4,2025-05-01 22:28:59.425236,False,False,True,,,
6,Huntington,,Huntington,2,YL,C12,Braddock Road,4,2025-05-01 22:28:59.425236,False,False,True,,,
6,Mt Vern Sq,,Mt Vern Sq,1,YL,C13,King St-Old Town,4,2025-05-01 22:28:59.425236,False,False,True,,,
6,Franconia,J03,Franconia-Springfield,2,BL,D01,Federal Triangle,4,2025-05-01 22:28:59.425236,False,False,True,,,
6,Largo,G05,Downtown Largo,1,SV,D02,Smithsonian,4,2025-05-01 22:28:59.425236,False,False,True,,,
6,Ashburn,N12,Ashburn,2,SV,D08,Stadium-Armory,4,2025-05-01 22:28:59.425236,False,False,True,,,
6,Vienna,K08,Vienna/Fairfax-GMU,2,OR,D08,Stadium-Armory,4,2025-05-01 22:28:59.425236,False,False,True,,,
-,Hntingtn,C15,Huntington,2,YL,E01,Mt Vernon Sq 7th St-Convention Center,4,2025-05-01 22:28:59.425236,False,False,True,,,
6,Greenbelt,,Greenbelt,1,GR,E02,Shaw-Howard U,4,2025-05-01 22:28:59.425236,False,False,True,,,
8,Branch Ave,,Branch Ave,2,GR,E08,Hyattsville Crossing,4,2025-05-01 22:28:59.425236,False,False,True,,,
6,Greenbelt,,Greenbelt,1,GR,F03,L'Enfant Plaza,4,2025-05-01 22:28:59.425236,False,False,True,,,
8,Branch Av,,Branch Av,2,GR,F09,Naylor Road,4,2025-05-01 22:28:59.425236,False,False,True,,,
8,Greenbelt,,Greenbelt,1,GR,F10,Suitland,4,2025-05-01 22:28:59.425236,False,False,True,,,
6,Franconia,J03,Franconia-Springfield,2,BL,G01,Benning Road,4,2025-05-01 22:28:59.425236,False,False,True,,,
6,Largo,G05,Downtown Largo,1,BL,J02,Van Dorn Street,4,2025-05-01 22:28:59.425236,False,False,True,,,
6,Ashburn,N12,Ashburn,2,SV,K05,East Falls Church,4,2025-05-01 22:28:59.425236,False,False,True,,,
8,Glenmont,B11,Glenmont,1,RD,A01,Metro Center,5,2025-05-01 22:28:59.425236,False,False,True,,,
8,Shady Grv,,Shady Grv,2,RD,A05,Cleveland Park,5,2025-05-01 22:28:59.425236,False,False,True,,,
8,Shady Grv,,Shady Grv,2,RD,A09,Bethesda,5,2025-05-01 22:28:59.425236,False,False,True,,,
6,Glenmont,B11,Glenmont,1,RD,A10,Medical Center,5,2025-05-01 22:28:59.425236,False,False,True,,,
8,Shady Grv,,Shady Grv,2,RD,B04,Rhode Island Ave-Brentwood,5,2025-05-01 22:28:59.425236,False,False,True,,,
6,Glenmont,B11,Glenmont,1,RD,B08,Silver Spring,5,2025-05-01 22:28:59.425236,False,False,True,,,
8,Shady Grv,,Shady Grv,2,RD,B08,Silver Spring,5,2025-05-01 22:28:59.425236,False,False,True,,,
6,Franconia,J03,Franconia-Springfield,2,BL,C01,Metro Center,5,2025-05-01 22:28:59.425236,False,False,True,,,
8,Largo,G05,Downtown Largo,1,BL,C07,Pentagon,5,2025-05-01 22:28:59.425236,False,False,True,,,
6,Hntingtn,C15,Huntington,2,YL,C09,Crystal City,5,2025-05-01 22:28:59.425236,False,False,True,,,
6,MtVern Sq,,MtVern Sq,1,YL,C10,Ronald Reagan Washington National Airport,5,2025-05-01 22:28:59.425236,False,False,False,,,
6,Huntington,,Huntington,2,YL,C13,King St-Old Town,5,2025-05-01 22:28:59.425236,False,False,True,,,
6,Largo,G05,Downtown Largo,1,SV,D03,L'Enfant Plaza,5,2025-05-01 22:28:59.425236,False,False,True,,,
,VIENNA/FAIRFAX,K08,Vienna/Fairfax-GMU,1,OR,D13,New Carrollton,5,2025-05-01 22:28:59.425236,False,False,True,,,
6,Branch Av,,Branch Av,2,GR,E01,Mt Vernon Sq 7th St-Convention Center,5,2025-05-01 22:28:59.425236,False,False,False,,,
6,Greenbelt,,Greenbelt,1,GR,E03,U Street/African-Amer Civil War Memorial/Cardozo,5,2025-05-01 22:28:59.425236,False,False,True,,,
6,Branch Av,,Branch Av,2,GR,E05,Georgia Ave-Petworth,5,2025-05-01 22:28:59.425236,False,False,True,,,
6,Branch Av,,Branch Av,2,GR,F02,Archives-Navy Memorial-Penn Quarter,5,2025-05-01 22:28:59.425236,False,False,True,,,
6,Greenbelt,,Greenbelt,1,GR,F06,Anacostia,5,2025-05-01 22:28:59.425236,False,False,True,,,
6,Branch Av,,Branch Av,2,GR,F06,Anacostia,5,2025-05-01 22:28:59.425236,False,False,True,,,
6,Ashburn,N12,Ashburn,2,SV,G04,Morgan Boulevard,5,2025-05-01 22:28:59.425236,False,False,True,,,
6,Ashburn,N12,Ashburn,2,SV,N06,Wiehle-Reston East,5,2025-05-01 22:28:59.425236,False,False,True,,,
8,Shady Grv,,Shady Grv,2,RD,A02,Farragut North,6,2025-05-01 22:28:59.425236,False,False,True,,,
8,Glenmont,B11,Glenmont,1,RD,A05,Cleveland Park,6,2025-05-01 22:28:59.425236,False,False,True,,,
8,Glenmont,B11,Glenmont,1,RD,B01,Gallery Pl-Chinatown,6,2025-05-01 22:28:59.425236,False,False,True,,,
6,Glenmont,B11,Glenmont,1,RD,B05,Brookland-CUA,6,2025-05-01 22:28:59.425236,False,False,True,,,
6,MtVern Sq,,MtVern Sq,1,YL,C07,Pentagon,6,2025-05-01 22:28:59.425236,False,False,True,,,
6,Hntingtn,C15,Huntington,2,YL,C10,Ronald Reagan Washington National Airport,6,2025-05-01 22:28:59.425236,False,False,True,,,
6,Mt Vern Sq,,Mt Vern Sq,1,YL,C12,Braddock Road,6,2025-05-01 22:28:59.425236,False,False,True,,,
6,Ashburn,N12,Ashburn,2,SV,D07,Potomac Ave,6,2025-05-01 22:28:59.425236,False,False,True,,,
6,Vienna,K08,Vienna/Fairfax-GMU,2,OR,D07,Potomac Ave,6,2025-05-01 22:28:59.425236,False,False,True,,,
6,Greenbelt,,Greenbelt,1,GR,E06,Fort Totten,6,2025-05-01 22:28:59.425236,False,False,True,,,
8,Branch Ave,,Branch Ave,2,GR,E07,West Hyattsville,6,2025-05-01 22:28:59.425236,False,False,True,,,
6,Greenbelt,,Greenbelt,1,GR,E09,College Park-U of Md,6,2025-05-01 22:28:59.425236,False,False,True,,,
,BRANCH AVENUE,F11,Branch Ave,1,GR,E10,Greenbelt,6,2025-05-01 22:28:59.425236,False,False,True,,,
-,Huntington,,Huntington,2,YL,F01,Gallery Pl-Chinatown,6,2025-05-01 22:28:59.425236,False,False,True,,,
6,Greenbelt,,Greenbelt,1,GR,F02,Archives-Navy Memorial-Penn Quarter,6,2025-05-01 22:28:59.425236,False,False,True,,,
8,Largo,G05,Downtown Largo,1,BL,G04,Morgan Boulevard,6,2025-05-01 22:28:59.425236,False,False,True,,,
8,N Carrollton,,N Carrollton,1,OR,K05,East Falls Church,6,2025-05-01 22:28:59.425236,False,False,True,,,
6,Ashburn,N12,Ashburn,2,SV,N09,Innovation Center,6,2025-05-01 22:28:59.425236,False,False,True,,,
8,Shady Grv,,Shady Grv,2,RD,A06,Van Ness-UDC,7,2025-05-01 22:28:59.425236,False,False,True,,,
6,Glenmont,B11,Glenmont,1,RD,A09,Bethesda,7,2025-05-01 22:28:59.425236,False,False,True,,,
8,Shady Grv,,Shady Grv,2,RD,A10,Medical Center,7,2025-05-01 22:28:59.425236,False,False,True,,,
8,Glenmont,B11,Glenmont,1,RD,A13,Twinbrook,7,2025-05-01 22:28:59.425236,False,False,True,,,
8,Shady Grove,,Shady Grove,2,RD,A14,Rockville,7,2025-05-01 22:28:59.425236,False,False,True,,,
8,Shady Grv,,Shady Grv,2,RD,B07,Takoma,7,2025-05-01 22:28:59.425236,False,False,True,,,
-,Shady Grv,,Shady Grv,2,RD,B10,Wheaton,7,2025-05-01 22:28:59.425236,False,False,True,,,
8,Shady Grv,,Shady Grv,2,RD,B35,NoMa-Gallaudet U,7,2025-05-01 22:28:59.425236,False,False,True,,,
6,Franconia,J03,Franconia-Springfield,2,BL,C02,McPherson Square,7,2025-05-01 22:28:59.425236,False,False,True,,,
6,NewCrlton,,NewCrlton,1,OR,C04,Foggy Bottom-GWU,7,2025-05-01 22:28:59.425236,False,False,True,,,
6,MtVern Sq,,MtVern Sq,1,YL,C09,Crystal City,7,2025-05-01 22:28:59.425236,False,False,False,,,
6,Huntington,,Huntington,2,YL,C14,Eisenhower Avenue,7,2025-05-01 22:28:59.425236,False,False,True,,,
6,Largo,G05,Downtown Largo,1,SV,D04,Federal Center SW,7,2025-05-01 22:28:59.425236,False,False,True,,,
6,Ashburn,N12,Ashburn,2,SV,D06,Eastern Market,7,2025-05-01 22:28:59.425236,False,False,True,,,
8,Vienna,K08,Vienna/Fairfax-GMU,2,OR,D12,Landover,7,2025-05-01 22:28:59.425236,False,False,True,,,
6,Branch Av,,Branch Av,2,GR,E04,Columbia Heights,7,2025-05-01 22:28:59.425236,False,False,True,,,
6,Greenbelt,,Greenbelt,1,GR,F01,Gallery Pl-Chinatown,7,2025-05-01 22:28:59.425236,False,False,True,,,
6,Branch Ave,,Branch Ave,2,GR,F03,L'Enfant Plaza,7,2025-05-01 22:28:59.425236,False,False,True,,,
6,Branch Av,,Branch Av,2,GR,F07,Congress Heights,7,2025-05-01 22:28:59.425236,False,False,True,,,
8,Greenbelt,,Greenbelt,1,GR,F09,Naylor Road,7,2025-05-01 22:28:59.425236,False,False,True,,,
8,Branch Av,,Branch Av,2,GR,F10,Suitland,7,2025-05-01 22:28:59.425236,False,False,False,,,
,GREENBELT,E10,Greenbelt,2,GR,F11,Branch Ave,7,2025-05-01 22:28:59.425236,False,False,True,,,
6,Ashburn,N12,Ashburn,2,SV,N07,Reston Town Center,7,2025-05-01 22:28:59.425236,False,False,True,,,
8,Largo,G05,Downtown Largo,1,SV,N10,Washington Dulles International Airport,7,2025-05-01 22:28:59.425236,False,False,True,,,
8,Shady Grv,,Shady Grv,2,RD,A03,Dupont Circle,8,2025-05-01 22:28:59.425236,False,False,True,,,
8,Glenmont,B11,Glenmont,1,RD,A04,Woodley Park-Zoo/Adams Morgan,8,2025-05-01 22:28:59.425236,False,False,True,,,
8,Glenmont,B11,Glenmont,1,RD,B02,Judiciary Square,8,2025-05-01 22:28:59.425236,False,False,True,,,
6,Glenmont,B11,Glenmont,1,RD,B06,Fort Totten,8,2025-05-01 22:28:59.425236,False,False,True,,,
6,Franconia,J03,Franconia-Springfield,2,BL,C03,Farragut West,8,2025-05-01 22:28:59.425236,False,False,True,,,
6,Hntingtn,C15,Huntington,2,YL,C07,Pentagon,8,2025-05-01 22:28:59.425236,False,False,False,,,
6,Mt Vern Sq,,Mt Vern Sq,1,YL,C11,Potomac Yard,8,2025-05-01 22:28:59.425236,False,False,False,,,
6,Largo,G05,Downtown Largo,1,SV,D05,Capitol South,8,2025-05-01 22:28:59.425236,False,False,True,,,
6,Franconia,J03,Franconia-Springfield,2,BL,D08,Stadium-Armory,8,2025-05-01 22:28:59.425236,False,False,True,,,
6,Greenbelt,,Greenbelt,1,GR,E04,Columbia Heights,8,2025-05-01 22:28:59.425236,False,False,True,,,
-,Hntingtn,C15,Huntington,2,YL,F02,Archives-Navy Memorial-Penn Quarter,8,2025-05-01 22:28:59.425236,False,False,False,,,
6,Greenbelt,,Greenbelt,1,GR,F05,Navy Yard-Ballpark,8,2025-05-01 22:28:59.425236,False,False,True,,,
6,Ashburn,N12,Ashburn,2,SV,G03,Addison Road-Seat Pleasant,8,2025-05-01 22:28:59.425236,False,False,True,,,
,FRAN/SPRING,J03,Franconia-Springfield,2,BL,G05,Downtown Largo,8,2025-05-01 22:28:59.425236,False,False,True,,,
8,Franconia,J03,Franconia-Springfield,2,BL,J02,Van Dorn Street,8,2025-05-01 22:28:59.425236,False,False,False,,,
8,Largo,G05,Downtown Largo,1,SV,K05,East Falls Church,8,2025-05-01 22:28:59.425236,False,False,True,,,
8,Shady Grv,,Shady Grv,2,RD,A07,Tenleytown-AU,9,2025-05-01 22:28:59.425236,False,False,True,,,
8,Glenmont,B11,Glenmont,1,RD,A12,North Bethesda,9,2025-05-01 22:28:59.425236,False,False,True,,,
8,Shady Grv,,Shady Grv,2,RD,B03,Union Station,9,2025-05-01 22:28:59.425236,False,False,True,,,
6,Glenmont,B11,Glenmont,1,RD,B09,Forest Glen,9,2025-05-01 22:28:59.425236,False,False,False,,,
6,MtVern Sq,,MtVern Sq,1,YL,C08,Pentagon City,9,2025-05-01 22:28:59.425236,False,False,False,,,
,MT VERNON-CNV CT,E01,Mt Vernon Sq 7th St-Convention Center,2,YL,C15,Huntington,9,2025-05-01 22:28:59.425236,False,False,True,,,
6,Greenbelt,,Greenbelt,1,GR,E01,Mt Vernon Sq 7th St-Convention Center,9,2025-05-01 22:28:59.425236,False,False,False,,,
8,Branch Av,,Branch Av,2,GR,E06,Fort Totten,9,2025-05-01 22:28:59.425236,False,False,False,,,
6,Greenbelt,,Greenbelt,1,GR,E07,West Hyattsville,9,2025-05-01 22:28:59.425236,False,False,True,,,
6,Branch Ave,,Branch Ave,2,GR,E09,College Park-U of Md,9,2025-05-01 22:28:59.425236,False,False,True,,,
6,Greenbelt,,Greenbelt,1,GR,F04,Waterfront,9,2025-05-01 22:28:59.425236,False,False,False,,,
8,Greenbelt,,Greenbelt,1,GR,F08,Southern Avenue,9,2025-05-01 22:28:59.425236,False,False,True,,,
8,N Carrollton,,N Carrollton,1,OR,K04,Ballston-MU,9,2025-05-01 22:28:59.425236,False,False,True,,,
6,Ashburn,N12,Ashburn,2,SV,N08,Herndon,9,2025-05-01 22:28:59.425236,False,False,False,,,
8,Glenmont,B11,Glenmont,1,RD,A03,Dupont Circle,10,2025-05-01 22:28:59.425236,False,False,False,,,
8,Shady Grv,,Shady Grv,2,RD,A04,Woodley Park-Zoo/Adams Morgan,10,2025-05-01 22:28:59.425236,False,False,False,,,
6,Glenmont,B11,Glenmont,1,RD,A08,Friendship Heights,10,2025-05-01 22:28:59.425236,False,False,True,,,
,GLENMONT,B11,Glenmont,2,RD,A15,Shady Grove,10,2025-05-01 22:28:59.425236,False,False,True,,,
8,Glenmont,B11,Glenmont,1,RD,B03,Union Station,10,2025-05-01 22:28:59.425236,False,False,True,,,
-,Shady Grv,,Shady Grv,2,RD,B09,Forest Glen,10,2025-05-01 22:28:59.425236,False,False,False,,,
6,Franconia,J03,Franconia-Springfield,2,BL,C04,Foggy Bottom-GWU,10,2025-05-01 22:28:59.425236,False,False,True,,,
8,Largo,G05,Downtown Largo,1,BL,C05,Rosslyn,10,2025-05-01 22:28:59.425236,False,False,True,,,
6,MtVern Sq,,MtVern Sq,1,YL,C07,Pentagon,10,2025-05-01 22:28:59.425236,False,False,False,,,
6,Hntingtn,C15,Huntington,2,YL,C08,Pentagon City,10,2025-05-01 22:28:59.425236,False,False,False,,,
6,Huntington,,Huntington,2,YL,C11,Potomac Yard,10,2025-05-01 22:28:59.425236,False,False,False,,,
6,Largo,G05,Downtown Largo,1,BL,C13,King St-Old Town,10,2025-05-01 22:28:59.425236,False,False,True,,,
-,Mt Vern Sq,,Mt Vern Sq,1,YL,C14,Eisenhower Avenue,10,2025-05-01 22:28:59.425236,False,False,False,,,
6,Largo,G05,Downtown Largo,1,SV,D06,Eastern Market,10,2025-05-01 22:28:59.425236,False,False,True,,,
8,Vienna,K08,Vienna/Fairfax-GMU,2,OR,D11,Cheverly,10,2025-05-01 22:28:59.425236,False,False,True,,,
6,Branch Av,,Branch Av,2,GR,E03,U Street/African-Amer Civil War Memorial/Cardozo,10,2025-05-01 22:28:59.425236,False,False,False,,,
6,Greenbelt,,Greenbelt,1,GR,E05,Georgia Ave-Petworth,10,2025-05-01 22:28:59.425236,False,False,False,,,
-,Huntington,,Huntington,2,YL,F03,L'Enfant Plaza,10,2025-05-01 22:28:59.425236,False,False,False,,,
6,Branch Av,,Branch Av,2,GR,F04,Waterfront,10,2025-05-01 22:28:59.425236,False,False,True,,,
6,Branch Av,,Branch Av,2,GR,F08,Southern Avenue,10,2025-05-01 22:28:59.425236,False,False,False,,,
6,Ashburn,N12,Ashburn,2,SV,G02,Capitol Heights,10,2025-05-01 22:28:59.425236,False,False,True,,,
,NEW CARROLLTON,D13,New Carrollton,2,OR,K08,Vienna/Fairfax-GMU,10,2025-05-01 22:28:59.425236,False,False,True,,,
6,Ashburn,N12,Ashburn,2,SV,N01,McLean,10,2025-05-01 22:28:59.425236,False,False,True,,,
6,Ashburn,N12,Ashburn,2,SV,N10,Washington Dulles International Airport,10,2025-05-01 22:28:59.425236,False,False,True,,,
8,Shady Grv,,Shady Grv,2,RD,A08,Friendship Heights,11,2025-05-01 22:28:59.425236,False,False,False,,,
8,Shady Grv,,Shady Grv,2,RD,A11,Grosvenor-Strathmore,11,2025-05-01 22:28:59.425236,False,False,True,,,
8,Shady Grv,,Shady Grv,2,RD,B02,Judiciary Square,11,2025-05-01 22:28:59.425236,False,False,False,,,
8,Shady Grv,,Shady Grv,2,RD,B06,Fort Totten,11,2025-05-01 22:28:59.425236,False,False,True,,,
6,Glenmont,B11,Glenmont,1,RD,B07,Takoma,11,2025-05-01 22:28:59.425236,False,False,False,,,
6,Glenmont,B11,Glenmont,1,RD,B10,Wheaton,11,2025-05-01 22:28:59.425236,False,False,False,,,
6,Greenbelt,,Greenbelt,1,GR,E02,Shaw-Howard U,11,2025-05-01 22:28:59.425236,False,False,False,,,
6,Branch Av,,Branch Av,2,GR,E02,Shaw-Howard U,11,2025-05-01 22:28:59.425236,False,False,False,,,
6,Greenbelt,,Greenbelt,1,GR,E08,Hyattsville Crossing,11,2025-05-01 22:28:59.425236,False,False,False,,,
6,Mt Vern Sq,,Mt Vern Sq,1,YL,F03,L'Enfant Plaza,11,2025-05-01 22:28:59.425236,False,False,True,,,
6,Branch Av,,Branch Av,2,GR,F05,Navy Yard-Ballpark,11,2025-05-01 22:28:59.425236,False,False,False,,,
8,Greenbelt,,Greenbelt,1,GR,F07,Congress Heights,11,2025-05-01 22:28:59.425236,False,False,False,,,
6,Greenbelt,,Greenbelt,1,GR,F10,Suitland,11,2025-05-01 22:28:59.425236,False,False,False,,,
-,Franconia,J03,Franconia-Springfield,2,BL,G04,Morgan Boulevard,11,2025-05-01 22:28:59.425236,False,False,True,,,
,LARGO,G05,Downtown Largo,2,BL,J03,Franconia-Springfield,11,2025-05-01 22:28:59.425236,False,False,True,,,
8,NewCrlton,,NewCrlton,1,OR,K03,Virginia Square-GMU,11,2025-05-01 22:28:59.425236,False,False,True,,,
8,Largo,G05,Downtown Largo,1,SV,N04,Spring Hill,11,2025-05-01 22:28:59.425236,False,False,True,,,
8,Largo,G05,Downtown Largo,1,SV,N09,Innovation Center,11,2025-05-01 22:28:59.425236,False,False,True,,,
8,Glenmont,B11,Glenmont,1,RD,A02,Farragut North,12,2025-05-01 22:28:59.425236,False,False,False,,,
8,Shady Grv,,Shady Grv,2,RD,A05,Cleveland Park,12,2025-05-01 22:28:59.425236,False,False,False,,,
6,Glenmont,B11,Glenmont,1,RD,A07,Tenleytown-AU,12,2025-05-01 22:28:59.425236,False,False,False,,,
8,Glenmont,B11,Glenmont,1,RD,A11,Grosvenor-Strathmore,12,2025-05-01 22:28:59.425236,False,False,False,,,
8,Glenmont,B11,Glenmont,1,RD,B35,NoMa-Gallaudet U,12,2025-05-01 22:28:59.425236,False,False,False,,,
6,Hntingtn,C15,Huntington,2,YL,C09,Crystal City,12,2025-05-01 22:28:59.425236,False,False,False,,,
6,Largo,G05,Downtown Largo,1,BL,C12,Braddock Road,12,2025-05-01 22:28:59.425236,False,False,True,,,
6,Huntington,,Huntington,2,YL,C12,Braddock Road,12,2025-05-01 22:28:59.425236,False,False,False,,,
-,Mt Vern Sq,,Mt Vern Sq,1,YL,C13,King St-Old Town,12,2025-05-01 22:28:59.425236,False,False,False,,,
6,Largo,G05,Downtown Largo,1,SV,D07,Potomac Ave,12,2025-05-01 22:28:59.425236,False,False,True,,,
6,Greenbelt,,Greenbelt,1,GR,E03,U Street/African-Amer Civil War Memorial/Cardozo,12,2025-05-01 22:28:59.425236,False,False,False,,,
8,Branch Av,,Branch Av,2,GR,E05,Georgia Ave-Petworth,12,2025-05-01 22:28:59.425236,False,False,False,,,
6,Branch Ave,,Branch Ave,2,GR,E08,Hyattsville Crossing,12,2025-05-01 22:28:59.425236,False,False,False,,,
6,Branch Av,,Branch Av,2,GR,F09,Naylor Road,12,2025-05-01 22:28:59.425236,False,False,False,,,
8,Largo,G05,Downtown Largo,1,SV,K04,Ballston-MU,12,2025-05-01 22:28:59.425236,False,False,True,,,
6,Ashburn,N12,Ashburn,2,SV,N02,Tysons,12,2025-05-01 22:28:59.425236,False,False,True,,,
6,Ashburn,N12,Ashburn,2,SV,N09,Innovation Center,12,2025-05-01 22:28:59.425236,False,False,False,,,
8,Shady Grv,,Shady Grv,2,RD,A12,North Bethesda,13,2025-05-01 22:28:59.425236,False,False,False,,,
8,Glenmont,B11,Glenmont,1,RD,A14,Rockville,13,2025-05-01 22:28:59.425236,False,False,False,,,
8,Shady Grove,,Shady Grove,2,RD,B01,Gallery Pl-Chinatown,13,2025-05-01 22:28:59.425236,False,False,False,,,
8,Shady Grv,,Shady Grv,2,RD,B05,Brookland-CUA,13,2025-05-01 22:28:59.425236,False,False,False,,,
-,Shady Grv,,Shady Grv,2,RD,B08,Silver Spring,13,2025-05-01 22:28:59.425236,False,False,False,,,
8,Largo,G05,Downtown Largo,1,BL,C04,Foggy Bottom-GWU,13,2025-05-01 22:28:59.425236,False,False,True,,,
6,Franconia,J03,Franconia-Springfield,2,BL,C05,Rosslyn,13,2025-05-01 22:28:59.425236,False,False,True,,,
8,Vienna,K08,Vienna/Fairfax-GMU,2,OR,D10,Deanwood,13,2025-05-01 22:28:59.425236,False,False,True,,,
6,Greenbelt,,Greenbelt,1,GR,E06,Fort Totten,13,2025-05-01 22:28:59.425236,False,False,False,,,
,BRANCH AVENUE,F11,Branch Ave,2,GR,E10,Greenbelt,13,2025-05-01 22:28:59.425236,False,False,False,,,
6,MtVern Sq,,MtVern Sq,1,YL,F02,Archives-Navy Memorial-Penn Quarter,13,2025-05-01 22:28:59.425236,False,False,False,,,
6,Ashburn,N12,Ashburn,2,SV,G01,Benning Road,13,2025-05-01 22:28:59.425236,False,False,True,,,
8,NewCrlton,,NewCrlton,1,OR,K02,Clarendon,13,2025-05-01 22:28:59.425236,False,False,True,,,
8,Largo,G05,Downtown Largo,1,SV,N03,Greensboro,13,2025-05-01 22:28:59.425236,False,False,True,,,
,LARGO,G05,Downtown Largo,2,SV,N12,Ashburn,13,2025-05-01 22:28:59.425236,False,False,True,,,
8,Glenmont,B11,Glenmont,1,RD,A01,Metro Center,14,2025-05-01 22:28:59.425236,False,False,False,,,
8,Shady Grove,,Shady Grove,2,RD,A01,Metro Center,14,2025-05-01 22:28:59.425236,False,False,False,,,
8,Shady Grv,,Shady Grv,2,RD,A06,Van Ness-UDC,14,2025-05-01 22:28:59.425236,False,False,False,,,
8,Shady Grv,,Shady Grv,2,RD,A09,Bethesda,14,2025-05-01 22:28:59.425236,False,False,False,,,
6,Glenmont,B11,Glenmont,1,RD,B08,Silver Spring,14,2025-05-01 22:28:59.425236,False,False,False,,,
6,Hntingtn,C15,Huntington,2,YL,C10,Ronald Reagan Washington National Airport,14,2025-05-01 22:28:59.425236,False,False,False,,,
6,Largo,G05,Downtown Largo,1,BL,C11,Potomac Yard,14,2025-05-01 22:28:59.425236,False,False,True,,,
6,Huntington,,Huntington,2,YL,C13,King St-Old Town,14,2025-05-01 22:28:59.425236,False,False,False,,,
6,Largo,G05,Downtown Largo,1,SV,D08,Stadium-Armory,14,2025-05-01 22:28:59.425236,False,False,True,,,
8,Branch Av,,Branch Av,2,GR,E04,Columbia Heights,14,2025-05-01 22:28:59.425236,False,False,False,,,
6,Branch Av,,Branch Av,2,GR,F04,Waterfront,14,2025-05-01 22:28:59.425236,False,False,False,,,
8,Greenbelt,,Greenbelt,1,GR,F06,Anacostia,14,2025-05-01 22:28:59.425236,False,False,False,,,
6,Branch Av,,Branch Av,2,GR,F06,Anacostia,14,2025-05-01 22:28:59.425236,False,False,False,,,
6,Greenbelt,,Greenbelt,1,GR,F09,Naylor Road,14,2025-05-01 22:28:59.425236,False,False,False,,,
-,Franconia,J03,Franconia-Springfield,2,BL,G03,Addison Road-Seat Pleasant,14,2025-05-01 22:28:59.425236,False,False,True,,,
8,NewCrlton,,NewCrlton,1,OR,K01,Court House,14,2025-05-01 22:28:59.425236,False,False,False,,,
8,Largo,G05,Downtown Largo,1,SV,K03,Virginia Square-GMU,14,2025-05-01 22:28:59.425236,False,False,True,,,
8,N Carrollton,,N Carrollton,1,OR,K07,Dunn Loring-Merrifield,14,2025-05-01 22:28:59.425236,False,False,True,,,
6,Ashburn,N12,Ashburn,2,SV,N03,Greensboro,14,2025-05-01 22:28:59.425236,False,False,True,,,
8,Largo,G05,Downtown Largo,1,SV,N08,Herndon,14,2025-05-01 22:28:59.425236,False,False,True,,,
6,Glenmont,B11,Glenmont,1,RD,A06,Van Ness-UDC,15,2025-05-01 22:28:59.425236,False,False,False,,,
8,Glenmont,B11,Glenmont,1,RD,A10,Medical Center,15,2025-05-01 22:28:59.425236,False,False,False,,,
8,Shady Grv,,Shady Grv,2,RD,A13,Twinbrook,15,2025-05-01 22:28:59.425236,False,False,False,,,
8,Glenmont,B11,Glenmont,1,RD,B04,Rhode Island Ave-Brentwood,15,2025-05-01 22:28:59.425236,False,False,False,,,
-,Hntingtn,C15,Huntington,2,YL,C07,Pentagon,15,2025-05-01 22:28:59.425236,False,False,False,,,
8,Vienna,K08,Vienna/Fairfax-GMU,2,OR,D09,Minnesota Ave,15,2025-05-01 22:28:59.425236,False,False,True,,,
6,Greenbelt,,Greenbelt,1,GR,E04,Columbia Heights,15,2025-05-01 22:28:59.425236,False,False,False,,,
6,Branch Ave,,Branch Ave,2,GR,E07,West Hyattsville,15,2025-05-01 22:28:59.425236,False,False,False,,,
6,Greenbelt,,Greenbelt,1,GR,E09,College Park-U of Md,15,2025-05-01 22:28:59.425236,False,False,False,,,
6,Branch Av,,Branch Av,2,GR,F10,Suitland,15,2025-05-01 22:28:59.425236,False,False,False,,,
8,Largo,G05,Downtown Largo,1,SV,K02,Clarendon,15,2025-05-01 22:28:59.425236,False,False,True,,,
8,Largo,G05,Downtown Largo,1,SV,N02,Tysons,15,2025-05-01 22:28:59.425236,False,False,True,,,
6,Ashburn,N12,Ashburn,2,SV,N11,Loudon Gateway,15,2025-05-01 22:28:59.425236,False,False,True,,,
8,Shady Grv,,Shady Grv,2,RD,A02,Farragut North,16,2025-05-01 22:28:59.425236,False,False,False,,,
6,Glenmont,B11,Glenmont,1,RD,A05,Cleveland Park,16,2025-05-01 22:28:59.425236,False,False,False,,,
8,Shady Grv,,Shady Grv,2,RD,A10,Medical Center,16,2025-05-01 22:28:59.425236,False,False,False,,,
8,Glenmont,B11,Glenmont,1,RD,B01,Gallery Pl-Chinatown,16,2025-05-01 22:28:59.425236,False,False,False,,,
8,Shady Grv,,Shady Grv,2,RD,B04,Rhode Island Ave-Brentwood,16,2025-05-01 22:28:59.425236,False,False,False,,,
-,Shady Grv,,Shady Grv,2,RD,B07,Takoma,16,2025-05-01 22:28:59.425236,False,False,False,,,
6,Huntington,,Huntington,2,YL,C14,Eisenhower Avenue,16,2025-05-01 22:28:59.425236,False,False,False,,,
8,Branch Av,,Branch Av,2,GR,E03,U Street/African-Amer Civil War Memorial/Cardozo,16,2025-05-01 22:28:59.425236,False,False,False,,,
6,Greenbelt,,Greenbelt,1,GR,E07,West Hyattsville,16,2025-05-01 22:28:59.425236,False,False,False,,,
6,Branch Ave,,Branch Ave,2,GR,E09,College Park-U of Md,16,2025-05-01 22:28:59.425236,False,False,False,,,
8,Greenbelt,,Greenbelt,1,GR,F05,Navy Yard-Ballpark,16,2025-05-01 22:28:59.425236,False,False,False,,,
6,Branch Av,,Branch Av,2,GR,F05,Navy Yard-Ballpark,16,2025-05-01 22:28:59.425236,False,False,False,,,
6,Greenbelt,,Greenbelt,1,GR,F08,Southern Avenue,16,2025-05-01 22:28:59.425236,False,False,False,,,
-,Franconia,J03,Franconia-Springfield,2,BL,G02,Capitol Heights,16,2025-05-01 22:28:59.425236,False,False,False,,,
6,Ashburn,N12,Ashburn,2,SV,N04,Spring Hill,16,2025-05-01 22:28:59.425236,False,False,True,,,
8,Largo,G05,Downtown Largo,1,SV,N07,Reston Town Center,16,2025-05-01 22:28:59.425236,False,False,False,,,
6,Ashburn,N12,Ashburn,2,SV,N10,Washington Dulles International Airport,16,2025-05-01 22:28:59.425236,False,False,False,,,
8,Shady Grv,,Shady Grv,2,RD,A07,Tenleytown-AU,17,2025-05-01 22:28:59.425236,False,False,False,,,
8,Glenmont,B11,Glenmont,1,RD,A09,Bethesda,17,2025-05-01 22:28:59.425236,False,False,False,,,
8,Glenmont,B11,Glenmont,1,RD,A13,Twinbrook,17,2025-05-01 22:28:59.425236,False,False,False,,,
8,Glenmont,B11,Glenmont,1,RD,B02,Judiciary Square,17,2025-05-01 22:28:59.425236,False,False,False,,,
8,Glenmont,B11,Glenmont,1,RD,B05,Brookland-CUA,17,2025-05-01 22:28:59.425236,False,False,False,,,
6,Glenmont,B11,Glenmont,1,RD,B09,Forest Glen,17,2025-05-01 22:28:59.425236,False,False,False,,,
-,Shady Grv,,Shady Grv,2,RD,B10,Wheaton,17,2025-05-01 22:28:59.425236,False,False,False,,,
8,NewCrlton,,NewCrlton,1,OR,C05,Rosslyn,17,2025-05-01 22:28:59.425236,False,False,False,,,
-,Hntingtn,C15,Huntington,2,YL,C08,Pentagon City,17,2025-05-01 22:28:59.425236,False,False,False,,,
6,Huntington,,Huntington,2,YL,C11,Potomac Yard,17,2025-05-01 22:28:59.425236,False,False,False,,,
-,Mt Vern Sq,,Mt Vern Sq,1,YL,C14,Eisenhower Avenue,17,2025-05-01 22:28:59.425236,False,False,False,,,
6,Greenbelt,,Greenbelt,1,GR,E05,Georgia Ave-Petworth,17,2025-05-01 22:28:59.425236,False,False,False,,,
6,Branch Av,,Branch Av,2,GR,F07,Congress Heights,17,2025-05-01 22:28:59.425236,False,False,False,,,
6,Largo,G05,Downtown Largo,1,BL,J02,Van Dorn Street,17,2025-05-01 22:28:59.425236,False,False,False,,,
8,Largo,G05,Downtown Largo,1,SV,K01,Court House,17,2025-05-01 22:28:59.425236,False,False,True,,,
8,N Carrollton,,N Carrollton,1,OR,K06,West Falls Church,17,2025-05-01 22:28:59.425236,False,False,False,,,
8,Largo,G05,Downtown Largo,1,SV,N01,McLean,17,2025-05-01 22:28:59.425236,False,False,False,,,
6,Largo,G05,Downtown Largo,1,SV,N11,Loudon Gateway,17,2025-05-01 22:28:59.425236,False,False,False,,,
8,Shady Grv,,Shady Grv,2,RD,A03,Dupont Circle,18,2025-05-01 22:28:59.425236,False,False,False,,,
6,Glenmont,B11,Glenmont,1,RD,A04,Woodley Park-Zoo/Adams Morgan,18,2025-05-01 22:28:59.425236,False,False,False,,,
8,Shady Grv,,Shady Grv,2,RD,A08,Friendship Heights,18,2025-05-01 22:28:59.425236,False,False,False,,,
8,Shady Grv,,Shady Grv,2,RD,B35,NoMa-Gallaudet U,18,2025-05-01 22:28:59.425236,False,False,False,,,
6,Greenbelt,,Greenbelt,1,GR,E02,Shaw-Howard U,18,2025-05-01 22:28:59.425236,False,False,False,,,
8,Branch Av,,Branch Av,2,GR,E02,Shaw-Howard U,18,2025-05-01 22:28:59.425236,False,False,False,,,
6,Branch Av,,Branch Av,2,GR,E06,Fort Totten,18,2025-05-01 22:28:59.425236,False,False,False,,,
6,Greenbelt,,Greenbelt,1,GR,E08,Hyattsville Crossing,18,2025-05-01 22:28:59.425236,False,False,False,,,
8,Greenbelt,,Greenbelt,1,GR,F04,Waterfront,18,2025-05-01 22:28:59.425236,False,False,False,,,
6,Branch Av,,Branch Av,2,GR,F06,Anacostia,18,2025-05-01 22:28:59.425236,False,False,False,,,
6,Greenbelt,,Greenbelt,1,GR,F07,Congress Heights,18,2025-05-01 22:28:59.425236,False,False,False,,,
6,Largo,G05,Downtown Largo,1,SV,G01,Benning Road,18,2025-05-01 22:28:59.425236,False,False,True,,,
8,Glenmont,B11,Glenmont,1,RD,A12,North Bethesda,19,2025-05-01 22:28:59.425236,False,False,False,,,
8,Shady Grove,,Shady Grove,2,RD,A14,Rockville,19,2025-05-01 22:28:59.425236,False,False,False,,,
8,Glenmont,B11,Glenmont,1,RD,B03,Union Station,19,2025-05-01 22:28:59.425236,False,False,False,,,
-,Shady Grv,,Shady Grv,2,RD,B06,Fort Totten,19,2025-05-01 22:28:59.425236,False,False,False,,,
-,Hntingtn,C15,Huntington,2,YL,C09,Crystal City,19,2025-05-01 22:28:59.425236,False,False,False,,,
6,Branch Av,,Branch Av,2,GR,F08,Southern Avenue,19,2025-05-01 22:28:59.425236,False,False,False,,,
-,Greenbelt,,Greenbelt,1,GR,F10,Suitland,19,2025-05-01 22:28:59.425236,False,False,False,,,
8,Largo,G05,Downtown Largo,1,SV,N06,Wiehle-Reston East,19,2025-05-01 22:28:59.425236,False,False,False,,,
8,Glenmont,B11,Glenmont,1,RD,A08,Friendship Heights,20,2025-05-01 22:28:59.425236,False,False,False,,,
8,Shady Grv,,Shady Grv,2,RD,A11,Grosvenor-Strathmore,20,2025-05-01 22:28:59.425236,False,False,False,,,
8,Shady Grv,,Shady Grv,2,RD,B03,Union Station,20,2025-05-01 22:28:59.425236,False,False,False,,,
8,Glenmont,B11,Glenmont,1,RD,B06,Fort Totten,20,2025-05-01 22:28:59.425236,False,False,False,,,
-,Shady Grv,,Shady Grv,2,RD,B09,Forest Glen,20,2025-05-01 22:28:59.425236,False,False,False,,,
6,Glenmont,B11,Glenmont,1,RD,B10,Wheaton,20,2025-05-01 22:28:59.425236,False,False,False,,,
-,Hntingtn,C15,Huntington,2,YL,C10,Ronald Reagan Washington National Airport,20,2025-05-01 22:28:59.425236,False,False,False,,,
,VIENNA/FAIRFAX,K08,Vienna/Fairfax-GMU,2,OR,D13,New Carrollton,20,2025-05-01 22:28:59.425236,False,False,False,,,
6,Greenbelt,,Greenbelt,1,GR,E03,U Street/African-Amer Civil War Memorial/Cardozo,20,2025-05-01 22:28:59.425236,False,False,False,,,
6,Greenbelt,,Greenbelt,1,GR,E06,Fort Totten,20,2025-05-01 22:28:59.425236,False,False,False,,,
6,Branch Ave,,Branch Ave,2,GR,E08,Hyattsville Crossing,20,2025-05-01 22:28:59.425236,False,False,False,,,
-,Ashburn,N12,Ashburn,2,SV,G04,Morgan Boulevard,20,2025-05-01 22:28:59.425236,False,False,False,,,
6,Glenmont,B11,Glenmont,1,RD,A03,Dupont Circle,21,2025-05-01 22:28:59.425236,False,False,False,,,
8,Shady Grv,,Shady Grv,2,RD,A04,Woodley Park-Zoo/Adams Morgan,21,2025-05-01 22:28:59.425236,False,False,False,,,
-,Shady Grv,,Shady Grv,2,RD,B05,Brookland-CUA,21,2025-05-01 22:28:59.425236,False,False,False,,,
6,Branch Av,,Branch Av,2,GR,E05,Georgia Ave-Petworth,21,2025-05-01 22:28:59.425236,False,False,False,,,
6,Greenbelt,,Greenbelt,1,GR,F06,Anacostia,21,2025-05-01 22:28:59.425236,False,False,False,,,
6,Largo,G05,Downtown Largo,1,BL,G01,Benning Road,21,2025-05-01 22:28:59.425236,False,False,True,,,
6,Largo,G05,Downtown Largo,1,SV,G02,Capitol Heights,21,2025-05-01 22:28:59.425236,False,False,True,,,
8,N Carrollton,,N Carrollton,1,OR,K05,East Falls Church,21,2025-05-01 22:28:59.425236,False,False,False,,,
8,Shady Grv,,Shady Grv,2,RD,A05,Cleveland Park,22,2025-05-01 22:28:59.425236,False,False,False,,,
8,Glenmont,B11,Glenmont,1,RD,A07,Tenleytown-AU,22,2025-05-01 22:28:59.425236,False,False,False,,,
8,Shady Grv,,Shady Grv,2,RD,A09,Bethesda,22,2025-05-01 22:28:59.425236,False,False,False,,,
8,Glenmont,B11,Glenmont,1,RD,A11,Grosvenor-Strathmore,22,2025-05-01 22:28:59.425236,False,False,False,,,
8,Shady Grv,,Shady Grv,2,RD,B02,Judiciary Square,22,2025-05-01 22:28:59.425236,False,False,False,,,
8,Glenmont,B11,Glenmont,1,RD,B35,NoMa-Gallaudet U,22,2025-05-01 22:28:59.425236,False,False,False,,,
-,Vienna,K08,Vienna/Fairfax-GMU,2,OR,D12,Landover,22,2025-05-01 22:28:59.425236,False,False,False,,,
6,Greenbelt,,Greenbelt,1,GR,E09,College Park-U of Md,22,2025-05-01 22:28:59.425236,False,False,False,,,
-,Greenbelt,,Greenbelt,1,GR,F09,Naylor Road,22,2025-05-01 22:28:59.425236,False,False,False,,,
6,Branch Av,,Branch Av,2,GR,F09,Naylor Road,22,2025-05-01 22:28:59.425236,False,False,False,,,
6,Largo,G05,Downtown Largo,1,SV,N10,Washington Dulles International Airport,22,2025-05-01 22:28:59.425236,False,False,False,,,
6,Ashburn,N12,Ashburn,2,SV,N11,Loudon Gateway,22,2025-05-01 22:28:59.425236,False,False,False,,,
6,Glenmont,B11,Glenmont,1,RD,A02,Farragut North,23,2025-05-01 22:28:59.425236,False,False,False,,,
8,Shady Grv,,Shady Grv,2,RD,A12,North Bethesda,23,2025-05-01 22:28:59.425236,False,False,False,,,
-,Glenmont,B11,Glenmont,1,RD,A14,Rockville,23,2025-05-01 22:28:59.425236,False,False,False,,,
8,Glenmont,B11,Glenmont,1,RD,B07,Takoma,23,2025-05-01 22:28:59.425236,False,False,False,,,
-,Shady Grv,,Shady Grv,2,RD,B08,Silver Spring,23,2025-05-01 22:28:59.425236,False,False,False,,,
-,Ashburn,N12,Ashburn,2,SV,G03,Addison Road-Seat Pleasant,23,2025-05-01 22:28:59.425236,False,False,False,,,
8,Shady Grv,,Shady Grv,2,RD,A06,Van Ness-UDC,24,2025-05-01 22:28:59.425236,False,False,False,,,
8,Shady Grv,,Shady Grv,2,RD,A10,Medical Center,24,2025-05-01 22:28:59.425236,False,False,False,,,
8,Shady Grove,,Shady Grove,2,RD,B01,Gallery Pl-Chinatown,24,2025-05-01 22:28:59.425236,False,False,False,,,
8,Glenmont,B11,Glenmont,1,RD,B04,Rhode Island Ave-Brentwood,24,2025-05-01 22:28:59.425236,False,False,False,,,
-,Shady Grv,,Shady Grv,2,RD,B04,Rhode Island Ave-Brentwood,24,2025-05-01 22:28:59.425236,False,False,False,,,
8,N Carrollton,,N Carrollton,1,OR,K04,Ballston-MU,24,2025-05-01 22:28:59.425236,False,False,False,,,
6,Ashburn,N12,Ashburn,2,SV,N06,Wiehle-Reston East,24,2025-05-01 22:28:59.425236,False,False,False,,,
6,Glenmont,B11,Glenmont,1,RD,A01,Metro Center,25,2025-05-01 22:28:59.425236,False,False,False,,,
8,Shady Grove,,Shady Grove,2,RD,A01,Metro Center,25,2025-05-01 22:28:59.425236,False,False,False,,,
8,Glenmont,B11,Glenmont,1,RD,A06,Van Ness-UDC,25,2025-05-01 22:28:59.425236,False,False,False,,,
8,Glenmont,B11,Glenmont,1,RD,A10,Medical Center,25,2025-05-01 22:28:59.425236,False,False,False,,,
8,Shady Grv,,Shady Grv,2,RD,A13,Twinbrook,25,2025-05-01 22:28:59.425236,False,False,False,,,
-,Vienna,K08,Vienna/Fairfax-GMU,2,OR,D11,Cheverly,25,2025-05-01 22:28:59.425236,False,False,False,,,
,NEW CARROLLTON,D13,New Carrollton,1,OR,K08,Vienna/Fairfax-GMU,25,2025-05-01 22:28:59.425236,False,False,False,,,
8,Glenmont,B11,Glenmont,1,RD,A05,Cleveland Park,26,2025-05-01 22:28:59.425236,False,False,False,,,
6,Glenmont,B11,Glenmont,1,RD,B01,Gallery Pl-Chinatown,26,2025-05-01 22:28:59.425236,False,False,False,,,
8,Glenmont,B11,Glenmont,1,RD,B05,Brookland-CUA,26,2025-05-01 22:28:59.425236,False,False,False,,,
-,Shady Grv,,Shady Grv,2,RD,B07,Takoma,26,2025-05-01 22:28:59.425236,False,False,False,,,
8,Glenmont,B11,Glenmont,1,RD,B08,Silver Spring,26,2025-05-01 22:28:59.425236,False,False,False,,,
-,Shady Grv,,Shady Grv,2,RD,B35,NoMa-Gallaudet U,26,2025-05-01 22:28:59.425236,False,False,False,,,
8,NewCrlton,,NewCrlton,1,OR,K03,Virginia Square-GMU,26,2025-05-01 22:28:59.425236,False,False,False,,,
6,Ashburn,N12,Ashburn,2,SV,N07,Reston Town Center,26,2025-05-01 22:28:59.425236,False,False,False,,,
6,Largo,G05,Downtown Largo,1,SV,N09,Innovation Center,26,2025-05-01 22:28:59.425236,False,False,False,,,
8,Shady Grv,,Shady Grv,2,RD,A02,Farragut North,27,2025-05-01 22:28:59.425236,False,False,False,,,
8,Glenmont,B11,Glenmont,1,RD,A09,Bethesda,27,2025-05-01 22:28:59.425236,False,False,False,,,
-,Glenmont,B11,Glenmont,1,RD,A13,Twinbrook,27,2025-05-01 22:28:59.425236,False,False,False,,,
-,Vienna,K08,Vienna/Fairfax-GMU,2,OR,D10,Deanwood,27,2025-05-01 22:28:59.425236,False,False,False,,,
6,Ashburn,N12,Ashburn,2,SV,K01,Court House,27,2025-05-01 22:28:59.425236,False,False,True,,,
8,Largo,G05,Downtown Largo,1,SV,N04,Spring Hill,27,2025-05-01 22:28:59.425236,False,False,False,,,
8,Glenmont,B11,Glenmont,1,RD,A04,Woodley Park-Zoo/Adams Morgan,28,2025-05-01 22:28:59.425236,False,False,False,,,
8,Shady Grv,,Shady Grv,2,RD,A11,Grosvenor-Strathmore,28,2025-05-01 22:28:59.425236,False,False,False,,,
6,Glenmont,B11,Glenmont,1,RD,B02,Judiciary Square,28,2025-05-01 22:28:59.425236,False,False,False,,,
-,N Carrollton,,N Carrollton,1,OR,K07,Dunn Loring-Merrifield,28,2025-05-01 22:28:59.425236,False,False,False,,,
6,Ashburn,N12,Ashburn,2,SV,N08,Herndon,28,2025-05-01 22:28:59.425236,False,False,False,,,
-,Shady Grv,,Shady Grv,2,RD,B10,Wheaton,29,2025-05-01 22:28:59.425236,False,False,False,,,
6,N Carrollton,,N Carrollton,1,OR,D09,Minnesota Ave,29,2025-05-01 22:28:59.425236,False,False,True,,,
-,Vienna,K08,Vienna/Fairfax-GMU,2,OR,D09,Minnesota Ave,29,2025-05-01 22:28:59.425236,False,False,False,,,
6,Ashburn,N12,Ashburn,2,SV,K02,Clarendon,29,2025-05-01 22:28:59.425236,False,False,True,,,
8,Largo,G05,Downtown Largo,1,SV,N03,Greensboro,29,2025-05-01 22:28:59.425236,False,False,False,,,
6,Largo,G05,Downtown Largo,1,SV,N08,Herndon,29,2025-05-01 22:28:59.425236,False,False,False,,,
6,Glenmont,B11,Glenmont,1,RD,B03,Union Station,30,2025-05-01 22:28:59.425236,False,False,False,,,
-,Largo,G05,Downtown Largo,1,BL,J02,Van Dorn Street,30,2025-05-01 22:28:59.425236,False,False,False,,,
6,Ashburn,N12,Ashburn,2,SV,K03,Virginia Square-GMU,30,2025-05-01 22:28:59.425236,False,False,True,,,
6,N Carrollton,,N Carrollton,1,OR,D10,Deanwood,31,2025-05-01 22:28:59.425236,False,False,True,,,
-,N Carrollton,,N Carrollton,1,OR,K06,West Falls Church,31,2025-05-01 22:28:59.425236,False,False,False,,,
8,Largo,G05,Downtown Largo,1,SV,N02,Tysons,31,2025-05-01 22:28:59.425236,False,False,False,,,
6,Ashburn,N12,Ashburn,2,SV,N09,Innovation Center,31,2025-05-01 22:28:59.425236,False,False,False,,,
8,Largo,G05,Downtown Largo,1,SV,N01,McLean,32,2025-05-01 22:28:59.425236,False,False,False,,,
6,Largo,G05,Downtown Largo,1,SV,N07,Reston Town Center,32,2025-05-01 22:28:59.425236,False,False,False,,,
6,N Carrollton,,N Carrollton,1,OR,D11,Cheverly,33,2025-05-01 22:28:59.425236,False,False,True,,,
6,Largo,G05,Downtown Largo,1,SV,N06,Wiehle-Reston East,34,2025-05-01 22:28:59.425236,False,False,False,,,
6,Ashburn,N12,Ashburn,2,SV,N10,Washington Dulles International Airport,35,2025-05-01 22:28:59.425236,False,False,False,,,
6,N Carrollton,,N Carrollton,1,OR,D12,Landover,36,2025-05-01 22:28:59.425236,False,False,True,,,
6,Franconia,J03,Franconia-Springfield,2,BL,J02,Van Dorn Street,36,2025-05-01 22:28:59.425236,False,False,False,,,
-,LastTrain,,LastTrain,1,SV,N11,Loudon Gateway,36,2025-05-01 22:28:59.425236,False,False,True,,,
-,Vienna,K08,Vienna/Fairfax-GMU,2,OR,D12,Landover,37,2025-05-01 22:28:59.425236,False,False,False,,,
6,Vienna,K08,Vienna/Fairfax-GMU,2,OR,K06,West Falls Church,39,2025-05-01 22:28:59.425236,False,False,True,,,
-,Vienna,K08,Vienna/Fairfax-GMU,2,OR,D11,Cheverly,40,2025-05-01 22:28:59.425236,False,False,False,,,
8,N Carrollton,,N Carrollton,1,OR,C01,Metro Center,,2025-05-01 22:28:59.425236,False,False,False,,,
6,Ashburn,N12,Ashburn,2,SV,C01,Metro Center,,2025-05-01 22:28:59.425236,False,False,False,,,
8,Vienna,K08,Vienna/Fairfax-GMU,2,OR,C01,Metro Center,,2025-05-01 22:28:59.425236,False,False,False,,,
8,NewCrlton,,NewCrlton,1,OR,C02,McPherson Square,,2025-05-01 22:28:59.425236,False,False,False,,,
6,Ashburn,N12,Ashburn,2,SV,C02,McPherson Square,,2025-05-01 22:28:59.425236,False,False,False,,,
8,Vienna,K08,Vienna/Fairfax-GMU,2,OR,C02,McPherson Square,,2025-05-01 22:28:59.425236,False,False,False,,,
6,Ashburn,N12,Ashburn,2,SV,C03,Farragut West,,2025-05-01 22:28:59.425236,False,False,False,,,
8,Vienna,K08,Vienna/Fairfax-GMU,2,OR,C03,Farragut West,,2025-05-01 22:28:59.425236,False,False,False,,,
6,Ashburn,N12,Ashburn,2,SV,C04,Foggy Bottom-GWU,,2025-05-01 22:28:59.425236,False,False,False,,,
8,Vienna,K08,Vienna/Fairfax-GMU,2,OR,C04,Foggy Bottom-GWU,,2025-05-01 22:28:59.425236,False,False,False,,,
6,Ashburn,N12,Ashburn,2,SV,C05,Rosslyn,,2025-05-01 22:28:59.425236,False,False,False,,,
8,Vienna,K08,Vienna/Fairfax-GMU,2,OR,C05,Rosslyn,,2025-05-01 22:28:59.425236,False,False,False,,,
8,Largo,G05,Downtown Largo,1,BL,D01,Federal Triangle,,2025-05-01 22:28:59.425236,False,False,False,,,
8,NewCrlton,,NewCrlton,1,OR,D01,Federal Triangle,,2025-05-01 22:28:59.425236,False,False,False,,,
6,Ashburn,N12,Ashburn,2,SV,D01,Federal Triangle,,2025-05-01 22:28:59.425236,False,False,False,,,
8,Largo,G05,Downtown Largo,1,BL,D02,Smithsonian,,2025-05-01 22:28:59.425236,False,False,False,,,
8,NewCrlton,,NewCrlton,1,OR,D02,Smithsonian,,2025-05-01 22:28:59.425236,False,False,False,,,
6,Ashburn,N12,Ashburn,2,SV,D02,Smithsonian,,2025-05-01 22:28:59.425236,False,False,False,,,
8,Vienna,K08,Vienna/Fairfax-GMU,2,OR,D02,Smithsonian,,2025-05-01 22:28:59.425236,False,False,False,,,
8,Largo,G05,Downtown Largo,1,BL,D03,L'Enfant Plaza,,2025-05-01 22:28:59.425236,False,False,False,,,
8,N Carrollton,,N Carrollton,1,OR,D03,L'Enfant Plaza,,2025-05-01 22:28:59.425236,False,False,False,,,
6,Ashburn,N12,Ashburn,2,SV,D03,L'Enfant Plaza,,2025-05-01 22:28:59.425236,False,False,False,,,
8,Vienna,K08,Vienna/Fairfax-GMU,2,OR,D03,L'Enfant Plaza,,2025-05-01 22:28:59.425236,False,False,False,,,
8,Largo,G05,Downtown Largo,1,BL,D04,Federal Center SW,,2025-05-01 22:28:59.425236,False,False,False,,,
6,Ashburn,N12,Ashburn,2,SV,D04,Federal Center SW,,2025-05-01 22:28:59.425236,False,False,False,,,
8,Vienna,K08,Vienna/Fairfax-GMU,2,OR,D04,Federal Center SW,,2025-05-01 22:28:59.425236,False,False,False,,,
6,Franconia,J03,Franconia-Springfield,2,BL,D04,Federal Center SW,,2025-05-01 22:28:59.425236,False,False,False,,,
8,Largo,G05,Downtown Largo,1,BL,D05,Capitol South,,2025-05-01 22:28:59.425236,False,False,False,,,
8,NewCrlton,,NewCrlton,1,OR,D05,Capitol South,,2025-05-01 22:28:59.425236,False,False,False,,,
8,Vienna,K08,Vienna/Fairfax-GMU,2,OR,D05,Capitol South,,2025-05-01 22:28:59.425236,False,False,False,,,
6,Franconia,J03,Franconia-Springfield,2,BL,D05,Capitol South,,2025-05-01 22:28:59.425236,False,False,False,,,
8,Largo,G05,Downtown Largo,1,BL,D06,Eastern Market,,2025-05-01 22:28:59.425236,False,False,False,,,
8,NewCrlton,,NewCrlton,1,OR,D06,Eastern Market,,2025-05-01 22:28:59.425236,False,False,False,,,
6,Franconia,J03,Franconia-Springfield,2,BL,D06,Eastern Market,,2025-05-01 22:28:59.425236,False,False,False,,,
8,Largo,G05,Downtown Largo,1,BL,D07,Potomac Ave,,2025-05-01 22:28:59.425236,False,False,False,,,
8,NewCrlton,,NewCrlton,1,OR,D07,Potomac Ave,,2025-05-01 22:28:59.425236,False,False,False,,,
8,Largo,G05,Downtown Largo,1,BL,D08,Stadium-Armory,,2025-05-01 22:28:59.425236,False,False,False,,,
8,NewCrlton,,NewCrlton,1,OR,D08,Stadium-Armory,,2025-05-01 22:28:59.425236,False,False,False,,,
8,N Carrollton,,N Carrollton,1,OR,D09,Minnesota Ave,,2025-05-01 22:28:59.425236,False,False,False,,,
8,N Carrollton,,N Carrollton,1,OR,D10,Deanwood,,2025-05-01 22:28:59.425236,False,False,False,,,
8,N Carrollton,,N Carrollton,1,OR,D11,Cheverly,,2025-05-01 22:28:59.425236,False,False,False,,,
8,N Carrollton,,N Carrollton,1,OR,D12,Landover,,2025-05-01 22:28:59.425236,False,False,False,,,
8,Largo,G05,Downtown Largo,1,BL,G01,Benning Road,,2025-05-01 22:28:59.425236,False,False,False,,,
8,Largo,G05,Downtown Largo,1,BL,G02,Capitol Heights,,2025-05-01 22:28:59.425236,False,False,False,,,
8,Largo,G05,Downtown Largo,1,BL,G03,Addison Road-Seat Pleasant,,2025-05-01 22:28:59.425236,False,False,False,,,
8,Largo,G05,Downtown Largo,1,BL,G04,Morgan Boulevard,,2025-05-01 22:28:59.425236,False,False,False,,,
6,Ashburn,N12,Ashburn,2,SV,K01,Court House,,2025-05-01 22:28:59.425236,False,False,False,,,
8,Vienna,K08,Vienna/Fairfax-GMU,2,OR,K01,Court House,,2025-05-01 22:28:59.425236,False,False,False,,,
6,Ashburn,N12,Ashburn,2,SV,K02,Clarendon,,2025-05-01 22:28:59.425236,False,False,False,,,
8,Vienna,K08,Vienna/Fairfax-GMU,2,OR,K02,Clarendon,,2025-05-01 22:28:59.425236,False,False,False,,,
6,Ashburn,N12,Ashburn,2,SV,K03,Virginia Square-GMU,,2025-05-01 22:28:59.425236,False,False,False,,,
8,Vienna,K08,Vienna/Fairfax-GMU,2,OR,K03,Virginia Square-GMU,,2025-05-01 22:28:59.425236,False,False,False,,,
6,Ashburn,N12,Ashburn,2,SV,K04,Ballston-MU,,2025-05-01 22:28:59.425236,False,False,False,,,
8,Vienna,K08,Vienna/Fairfax-GMU,2,OR,K04,Ballston-MU,,2025-05-01 22:28:59.425236,False,False,False,,,
6,Ashburn,N12,Ashburn,2,SV,K05,East Falls Church,,2025-05-01 22:28:59.425236,False,False,False,,,
8,Vienna,K08,Vienna/Fairfax-GMU,2,OR,K05,East Falls Church,,2025-05-01 22:28:59.425236,False,False,False,,,
8,Vienna,K08,Vienna/Fairfax-GMU,2,OR,K06,West Falls Church,,2025-05-01 22:28:59.425236,False,False,False,,,
8,Vienna,K08,Vienna/Fairfax-GMU,2,OR,K07,Dunn Loring-Merrifield,,2025-05-01 22:28:59.425236,False,False,False,,,
6,Ashburn,N12,Ashburn,2,SV,N01,McLean,,2025-05-01 22:28:59.425236,False,False,False,,,
6,Ashburn,N12,Ashburn,2,SV,N02,Tysons,,2025-05-01 22:28:59.425236,False,False,False,,,
6,Ashburn,N12,Ashburn,2,SV,N03,Greensboro,,2025-05-01 22:28:59.425236,False,False,False,,,
6,Ashburn,N12,Ashburn,2,SV,N04,Spring Hill,,2025-05-01 22:28:59.425236,False,False,False,,,
